{"cameraMode":{"drawMode":0,"name":"Shaded","section":"Shading Mode"},"sceneLighting":true,"audioPlay":false,"sceneViewState":{"showFog":true,"showMaterialUpdate":false,"showSkybox":true,"showFlares":true,"showImageEffects":true,"showParticleSystems":true},"in2DMode":false,"pivot":{"x":21.109764099121095,"y":-13.03404426574707,"z":14.699468612670899},"rotation":{"x":-0.2570192217826843,"y":-0.4100094139575958,"z":0.12159853428602219,"w":-0.8666325807571411},"size":17.664566040039064,"orthographic":false}